Item,Length,Sample,Week,TREAT-REP,TREAT,TEMP,FOOD,TREAT-NAME
875,95.59,386,16,D1,D,WARM,HIGH,Warm/High-Food
876,95.6,386,16,D1,D,WARM,HIGH,Warm/High-Food
877,86.82,386,16,D1,D,WARM,HIGH,Warm/High-Food
878,100.45,386,16,D1,D,WARM,HIGH,Warm/High-Food
879,104.65,386,16,D1,D,WARM,HIGH,Warm/High-Food
880,86.26,386,16,D1,D,WARM,HIGH,Warm/High-Food
881,91.51,386,16,D1,D,WARM,HIGH,Warm/High-Food
882,96.27,386,16,D1,D,WARM,HIGH,Warm/High-Food
883,82.69,386,16,D1,D,WARM,HIGH,Warm/High-Food
884,87.79,386,16,D1,D,WARM,HIGH,Warm/High-Food
885,86.4,386,16,D1,D,WARM,HIGH,Warm/High-Food
886,84.18,386,16,D1,D,WARM,HIGH,Warm/High-Food
887,97.82,386,16,D1,D,WARM,HIGH,Warm/High-Food
888,88.13,386,16,D1,D,WARM,HIGH,Warm/High-Food
889,87.96,386,16,D1,D,WARM,HIGH,Warm/High-Food
890,90.8,386,16,D1,D,WARM,HIGH,Warm/High-Food
891,72.2,386,16,D1,D,WARM,HIGH,Warm/High-Food
892,92.92,386,16,D1,D,WARM,HIGH,Warm/High-Food
893,96.54,386,16,D1,D,WARM,HIGH,Warm/High-Food
894,72.65,386,16,D1,D,WARM,HIGH,Warm/High-Food
895,67.29,386,16,D1,D,WARM,HIGH,Warm/High-Food
896,80.86,386,16,D1,D,WARM,HIGH,Warm/High-Food
897,84.07,386,16,D1,D,WARM,HIGH,Warm/High-Food
898,84.42,386,16,D1,D,WARM,HIGH,Warm/High-Food
899,95.59,386,16,D1,D,WARM,HIGH,Warm/High-Food
851,95.44,384,16,D1,D,WARM,HIGH,Warm/High-Food
852,97.2,384,16,D1,D,WARM,HIGH,Warm/High-Food
853,90.85,384,16,D1,D,WARM,HIGH,Warm/High-Food
854,83.1,384,16,D1,D,WARM,HIGH,Warm/High-Food
855,80.81,384,16,D1,D,WARM,HIGH,Warm/High-Food
856,78.98,384,16,D1,D,WARM,HIGH,Warm/High-Food
857,72.16,384,16,D1,D,WARM,HIGH,Warm/High-Food
858,92.79,384,16,D1,D,WARM,HIGH,Warm/High-Food
859,85.89,384,16,D1,D,WARM,HIGH,Warm/High-Food
860,85.02,384,16,D1,D,WARM,HIGH,Warm/High-Food
861,76.66,384,16,D1,D,WARM,HIGH,Warm/High-Food
862,85.04,384,16,D1,D,WARM,HIGH,Warm/High-Food
863,84.35,384,16,D1,D,WARM,HIGH,Warm/High-Food
864,86,384,16,D1,D,WARM,HIGH,Warm/High-Food
865,86.93,384,16,D1,D,WARM,HIGH,Warm/High-Food
866,85.82,384,16,D1,D,WARM,HIGH,Warm/High-Food
867,85.83,384,16,D1,D,WARM,HIGH,Warm/High-Food
868,88.13,384,16,D1,D,WARM,HIGH,Warm/High-Food
869,86.28,384,16,D1,D,WARM,HIGH,Warm/High-Food
870,82.99,384,16,D1,D,WARM,HIGH,Warm/High-Food
871,78.34,384,16,D1,D,WARM,HIGH,Warm/High-Food
872,75.28,384,16,D1,D,WARM,HIGH,Warm/High-Food
873,85.11,384,16,D1,D,WARM,HIGH,Warm/High-Food
874,102.78,384,16,D1,D,WARM,HIGH,Warm/High-Food
827,132.17,383,16,D1,D,WARM,HIGH,Warm/High-Food
828,122.2,383,16,D1,D,WARM,HIGH,Warm/High-Food
829,121.17,383,16,D1,D,WARM,HIGH,Warm/High-Food
830,116.42,383,16,D1,D,WARM,HIGH,Warm/High-Food
831,115.42,383,16,D1,D,WARM,HIGH,Warm/High-Food
832,121.27,383,16,D1,D,WARM,HIGH,Warm/High-Food
833,116.28,383,16,D1,D,WARM,HIGH,Warm/High-Food
834,122.36,383,16,D1,D,WARM,HIGH,Warm/High-Food
835,101.1,383,16,D1,D,WARM,HIGH,Warm/High-Food
836,104.99,383,16,D1,D,WARM,HIGH,Warm/High-Food
837,101.54,383,16,D1,D,WARM,HIGH,Warm/High-Food
838,91.79,383,16,D1,D,WARM,HIGH,Warm/High-Food
839,100.21,383,16,D1,D,WARM,HIGH,Warm/High-Food
840,100.94,383,16,D1,D,WARM,HIGH,Warm/High-Food
841,83.06,383,16,D1,D,WARM,HIGH,Warm/High-Food
842,105.18,383,16,D1,D,WARM,HIGH,Warm/High-Food
843,111.77,383,16,D1,D,WARM,HIGH,Warm/High-Food
844,98.7,383,16,D1,D,WARM,HIGH,Warm/High-Food
845,94.51,383,16,D1,D,WARM,HIGH,Warm/High-Food
846,90.71,383,16,D1,D,WARM,HIGH,Warm/High-Food
847,99.1,383,16,D1,D,WARM,HIGH,Warm/High-Food
848,100.28,383,16,D1,D,WARM,HIGH,Warm/High-Food
849,94.82,383,16,D1,D,WARM,HIGH,Warm/High-Food
850,90.3,383,16,D1,D,WARM,HIGH,Warm/High-Food
803,125.61,381,16,D1,D,WARM,HIGH,Warm/High-Food
804,113.61,381,16,D1,D,WARM,HIGH,Warm/High-Food
805,92.66,381,16,D1,D,WARM,HIGH,Warm/High-Food
806,84.67,381,16,D1,D,WARM,HIGH,Warm/High-Food
807,88.72,381,16,D1,D,WARM,HIGH,Warm/High-Food
808,87.95,381,16,D1,D,WARM,HIGH,Warm/High-Food
809,70.96,381,16,D1,D,WARM,HIGH,Warm/High-Food
810,84.4,381,16,D1,D,WARM,HIGH,Warm/High-Food
811,84.25,381,16,D1,D,WARM,HIGH,Warm/High-Food
812,84.82,381,16,D1,D,WARM,HIGH,Warm/High-Food
813,95.96,381,16,D1,D,WARM,HIGH,Warm/High-Food
814,91.69,381,16,D1,D,WARM,HIGH,Warm/High-Food
815,87.36,381,16,D1,D,WARM,HIGH,Warm/High-Food
816,95.22,381,16,D1,D,WARM,HIGH,Warm/High-Food
817,85.78,381,16,D1,D,WARM,HIGH,Warm/High-Food
818,89.28,381,16,D1,D,WARM,HIGH,Warm/High-Food
819,85.31,381,16,D1,D,WARM,HIGH,Warm/High-Food
820,85.44,381,16,D1,D,WARM,HIGH,Warm/High-Food
821,89.43,381,16,D1,D,WARM,HIGH,Warm/High-Food
822,91.97,381,16,D1,D,WARM,HIGH,Warm/High-Food
823,102.76,381,16,D1,D,WARM,HIGH,Warm/High-Food
824,88.06,381,16,D1,D,WARM,HIGH,Warm/High-Food
825,90.54,381,16,D1,D,WARM,HIGH,Warm/High-Food
826,93.34,381,16,D1,D,WARM,HIGH,Warm/High-Food
1,80.01,370,16,C2,C,COLD,HIGH,Cold/High-Food
2,86.74,370,16,C2,C,COLD,HIGH,Cold/High-Food
3,86.43,370,16,C2,C,COLD,HIGH,Cold/High-Food
4,86.06,370,16,C2,C,COLD,HIGH,Cold/High-Food
5,73.4,370,16,C2,C,COLD,HIGH,Cold/High-Food
6,87.99,370,16,C2,C,COLD,HIGH,Cold/High-Food
7,78.97,370,16,C2,C,COLD,HIGH,Cold/High-Food
8,95.73,370,16,C2,C,COLD,HIGH,Cold/High-Food
9,74.5,370,16,C2,C,COLD,HIGH,Cold/High-Food
10,77.4,370,16,C2,C,COLD,HIGH,Cold/High-Food
11,77.03,370,16,C2,C,COLD,HIGH,Cold/High-Food
12,90.15,370,16,C2,C,COLD,HIGH,Cold/High-Food
13,114.03,370,16,C2,C,COLD,HIGH,Cold/High-Food
14,81.65,370,16,C2,C,COLD,HIGH,Cold/High-Food
15,94.94,370,16,C2,C,COLD,HIGH,Cold/High-Food
16,102.97,370,16,C2,C,COLD,HIGH,Cold/High-Food
17,102.34,370,16,C2,C,COLD,HIGH,Cold/High-Food
18,79.46,370,16,C2,C,COLD,HIGH,Cold/High-Food
19,71.21,370,16,C2,C,COLD,HIGH,Cold/High-Food
20,75.72,370,16,C2,C,COLD,HIGH,Cold/High-Food
21,72.25,370,16,C2,C,COLD,HIGH,Cold/High-Food
22,87.36,370,16,C2,C,COLD,HIGH,Cold/High-Food
23,86.68,370,16,C2,C,COLD,HIGH,Cold/High-Food
24,84.85,370,16,C2,C,COLD,HIGH,Cold/High-Food
25,76.23,370,16,C2,C,COLD,HIGH,Cold/High-Food
26,76.28,370,16,C2,C,COLD,HIGH,Cold/High-Food
27,93.03,365,16,C1,C,COLD,HIGH,Cold/High-Food
28,86.17,365,16,C1,C,COLD,HIGH,Cold/High-Food
29,97.3,365,16,C1,C,COLD,HIGH,Cold/High-Food
30,114.81,365,16,C1,C,COLD,HIGH,Cold/High-Food
31,87.03,365,16,C1,C,COLD,HIGH,Cold/High-Food
32,105.87,365,16,C1,C,COLD,HIGH,Cold/High-Food
33,75.62,365,16,C1,C,COLD,HIGH,Cold/High-Food
34,78.33,365,16,C1,C,COLD,HIGH,Cold/High-Food
35,80.47,365,16,C1,C,COLD,HIGH,Cold/High-Food
36,80.62,365,16,C1,C,COLD,HIGH,Cold/High-Food
37,88.14,365,16,C1,C,COLD,HIGH,Cold/High-Food
38,88.13,365,16,C1,C,COLD,HIGH,Cold/High-Food
39,87.31,365,16,C1,C,COLD,HIGH,Cold/High-Food
40,75.71,365,16,C1,C,COLD,HIGH,Cold/High-Food
41,94.51,365,16,C1,C,COLD,HIGH,Cold/High-Food
42,88.39,365,16,C1,C,COLD,HIGH,Cold/High-Food
43,94.39,365,16,C1,C,COLD,HIGH,Cold/High-Food
44,81.98,365,16,C1,C,COLD,HIGH,Cold/High-Food
45,83.28,365,16,C1,C,COLD,HIGH,Cold/High-Food
46,81.27,365,16,C1,C,COLD,HIGH,Cold/High-Food
47,87.26,365,16,C1,C,COLD,HIGH,Cold/High-Food
48,76.73,365,16,C1,C,COLD,HIGH,Cold/High-Food
49,97.6,365,16,C1,C,COLD,HIGH,Cold/High-Food
50,81.02,365,16,C1,C,COLD,HIGH,Cold/High-Food
51,88.59,365,16,C1,C,COLD,HIGH,Cold/High-Food
52,88.2,365,16,C1,C,COLD,HIGH,Cold/High-Food
53,103.63,361,16,A1,A,COLD,LOW,Cold/Low-Food
54,102.82,361,16,A1,A,COLD,LOW,Cold/Low-Food
55,115.42,361,16,A1,A,COLD,LOW,Cold/Low-Food
56,83.05,361,16,A1,A,COLD,LOW,Cold/Low-Food
57,98.98,361,16,A1,A,COLD,LOW,Cold/Low-Food
58,97.11,361,16,A1,A,COLD,LOW,Cold/Low-Food
59,83.39,361,16,A1,A,COLD,LOW,Cold/Low-Food
60,91,361,16,A1,A,COLD,LOW,Cold/Low-Food
61,95.61,361,16,A1,A,COLD,LOW,Cold/Low-Food
62,91.28,361,16,A1,A,COLD,LOW,Cold/Low-Food
63,76.15,361,16,A1,A,COLD,LOW,Cold/Low-Food
64,93.04,361,16,A1,A,COLD,LOW,Cold/Low-Food
65,121.92,361,16,A1,A,COLD,LOW,Cold/Low-Food
66,93.43,361,16,A1,A,COLD,LOW,Cold/Low-Food
67,102.87,361,16,A1,A,COLD,LOW,Cold/Low-Food
68,87.82,361,16,A1,A,COLD,LOW,Cold/Low-Food
69,112.05,361,16,A1,A,COLD,LOW,Cold/Low-Food
70,88.15,361,16,A1,A,COLD,LOW,Cold/Low-Food
71,85.63,361,16,A1,A,COLD,LOW,Cold/Low-Food
72,99.26,361,16,A1,A,COLD,LOW,Cold/Low-Food
73,84.59,361,16,A1,A,COLD,LOW,Cold/Low-Food
74,77,361,16,A1,A,COLD,LOW,Cold/Low-Food
75,104.9,361,16,A1,A,COLD,LOW,Cold/Low-Food
76,97.28,361,16,A1,A,COLD,LOW,Cold/Low-Food
77,103.06,355,16,A2,A,COLD,LOW,Cold/Low-Food
78,107,355,16,A2,A,COLD,LOW,Cold/Low-Food
79,95.97,355,16,A2,A,COLD,LOW,Cold/Low-Food
80,90.79,355,16,A2,A,COLD,LOW,Cold/Low-Food
81,93.67,355,16,A2,A,COLD,LOW,Cold/Low-Food
82,94.58,355,16,A2,A,COLD,LOW,Cold/Low-Food
83,99.07,355,16,A2,A,COLD,LOW,Cold/Low-Food
84,88.81,355,16,A2,A,COLD,LOW,Cold/Low-Food
85,94.21,355,16,A2,A,COLD,LOW,Cold/Low-Food
86,97.41,355,16,A2,A,COLD,LOW,Cold/Low-Food
87,91.27,355,16,A2,A,COLD,LOW,Cold/Low-Food
88,86.28,355,16,A2,A,COLD,LOW,Cold/Low-Food
89,91.96,355,16,A2,A,COLD,LOW,Cold/Low-Food
90,95.22,355,16,A2,A,COLD,LOW,Cold/Low-Food
91,91.37,355,16,A2,A,COLD,LOW,Cold/Low-Food
92,91.25,355,16,A2,A,COLD,LOW,Cold/Low-Food
93,87.73,355,16,A2,A,COLD,LOW,Cold/Low-Food
94,103.58,355,16,A2,A,COLD,LOW,Cold/Low-Food
95,94.6,355,16,A2,A,COLD,LOW,Cold/Low-Food
96,78.53,355,16,A2,A,COLD,LOW,Cold/Low-Food
97,74.36,355,16,A2,A,COLD,LOW,Cold/Low-Food
98,72.48,355,16,A2,A,COLD,LOW,Cold/Low-Food
99,84.26,355,16,A2,A,COLD,LOW,Cold/Low-Food
100,69.73,355,16,A2,A,COLD,LOW,Cold/Low-Food
101,86.15,354,16,A2,A,COLD,LOW,Cold/Low-Food
102,80.74,354,16,A2,A,COLD,LOW,Cold/Low-Food
103,80.81,354,16,A2,A,COLD,LOW,Cold/Low-Food
104,85.1,354,16,A2,A,COLD,LOW,Cold/Low-Food
105,79.04,354,16,A2,A,COLD,LOW,Cold/Low-Food
106,72.14,354,16,A2,A,COLD,LOW,Cold/Low-Food
107,75.04,354,16,A2,A,COLD,LOW,Cold/Low-Food
108,81.46,354,16,A2,A,COLD,LOW,Cold/Low-Food
109,82.5,354,16,A2,A,COLD,LOW,Cold/Low-Food
110,76.24,354,16,A2,A,COLD,LOW,Cold/Low-Food
111,83.13,354,16,A2,A,COLD,LOW,Cold/Low-Food
112,78.47,354,16,A2,A,COLD,LOW,Cold/Low-Food
113,81.39,354,16,A2,A,COLD,LOW,Cold/Low-Food
114,82.46,354,16,A2,A,COLD,LOW,Cold/Low-Food
115,80.95,354,16,A2,A,COLD,LOW,Cold/Low-Food
116,75.86,354,16,A2,A,COLD,LOW,Cold/Low-Food
117,99.11,354,16,A2,A,COLD,LOW,Cold/Low-Food
118,99.57,354,16,A2,A,COLD,LOW,Cold/Low-Food
119,107.08,354,16,A2,A,COLD,LOW,Cold/Low-Food
120,73.17,354,16,A2,A,COLD,LOW,Cold/Low-Food
121,72.44,354,16,A2,A,COLD,LOW,Cold/Low-Food
122,82.53,354,16,A2,A,COLD,LOW,Cold/Low-Food
123,82.03,354,16,A2,A,COLD,LOW,Cold/Low-Food
124,81.88,354,16,A2,A,COLD,LOW,Cold/Low-Food
125,88.24,348,16,B2,B,WARM,LOW,Warm/Low-Food
126,89.07,348,16,B2,B,WARM,LOW,Warm/Low-Food
127,101.98,348,16,B2,B,WARM,LOW,Warm/Low-Food
128,104.73,348,16,B2,B,WARM,LOW,Warm/Low-Food
129,93.04,348,16,B2,B,WARM,LOW,Warm/Low-Food
130,103.63,348,16,B2,B,WARM,LOW,Warm/Low-Food
131,99.29,348,16,B2,B,WARM,LOW,Warm/Low-Food
132,95.44,348,16,B2,B,WARM,LOW,Warm/Low-Food
133,104.49,348,16,B2,B,WARM,LOW,Warm/Low-Food
134,88.3,348,16,B2,B,WARM,LOW,Warm/Low-Food
135,94.56,348,16,B2,B,WARM,LOW,Warm/Low-Food
136,82.36,348,16,B2,B,WARM,LOW,Warm/Low-Food
137,90.96,348,16,B2,B,WARM,LOW,Warm/Low-Food
138,88.3,348,16,B2,B,WARM,LOW,Warm/Low-Food
139,86.89,348,16,B2,B,WARM,LOW,Warm/Low-Food
140,97.78,348,16,B2,B,WARM,LOW,Warm/Low-Food
141,108.29,348,16,B2,B,WARM,LOW,Warm/Low-Food
142,104.88,348,16,B2,B,WARM,LOW,Warm/Low-Food
143,90.2,348,16,B2,B,WARM,LOW,Warm/Low-Food
144,108.18,348,16,B2,B,WARM,LOW,Warm/Low-Food
145,88.37,348,16,B2,B,WARM,LOW,Warm/Low-Food
146,88.89,348,16,B2,B,WARM,LOW,Warm/Low-Food
147,80.6,348,16,B2,B,WARM,LOW,Warm/Low-Food
148,92.81,348,16,B2,B,WARM,LOW,Warm/Low-Food
149,94.66,347,16,B2,B,WARM,LOW,Warm/Low-Food
150,79.5,347,16,B2,B,WARM,LOW,Warm/Low-Food
151,90.47,347,16,B2,B,WARM,LOW,Warm/Low-Food
152,85.74,347,16,B2,B,WARM,LOW,Warm/Low-Food
153,87.26,347,16,B2,B,WARM,LOW,Warm/Low-Food
154,88.26,347,16,B2,B,WARM,LOW,Warm/Low-Food
155,89.76,347,16,B2,B,WARM,LOW,Warm/Low-Food
156,82.51,347,16,B2,B,WARM,LOW,Warm/Low-Food
157,89.88,347,16,B2,B,WARM,LOW,Warm/Low-Food
158,95.52,347,16,B2,B,WARM,LOW,Warm/Low-Food
159,96.45,347,16,B2,B,WARM,LOW,Warm/Low-Food
160,80.24,347,16,B2,B,WARM,LOW,Warm/Low-Food
161,79.82,347,16,B2,B,WARM,LOW,Warm/Low-Food
162,98.49,347,16,B2,B,WARM,LOW,Warm/Low-Food
163,95.44,347,16,B2,B,WARM,LOW,Warm/Low-Food
164,97.12,347,16,B2,B,WARM,LOW,Warm/Low-Food
165,97.38,347,16,B2,B,WARM,LOW,Warm/Low-Food
166,94.86,347,16,B2,B,WARM,LOW,Warm/Low-Food
167,100.27,347,16,B2,B,WARM,LOW,Warm/Low-Food
168,85.42,347,16,B2,B,WARM,LOW,Warm/Low-Food
169,86.14,347,16,B2,B,WARM,LOW,Warm/Low-Food
170,97.77,347,16,B2,B,WARM,LOW,Warm/Low-Food
171,93.34,347,16,B2,B,WARM,LOW,Warm/Low-Food
172,87.59,347,16,B2,B,WARM,LOW,Warm/Low-Food
173,92.14,344,16,B1,B,WARM,LOW,Warm/Low-Food
174,88.92,344,16,B1,B,WARM,LOW,Warm/Low-Food
175,103.26,344,16,B1,B,WARM,LOW,Warm/Low-Food
176,90.02,344,16,B1,B,WARM,LOW,Warm/Low-Food
177,107.4,344,16,B1,B,WARM,LOW,Warm/Low-Food
178,99.58,344,16,B1,B,WARM,LOW,Warm/Low-Food
179,94.52,344,16,B1,B,WARM,LOW,Warm/Low-Food
180,90.3,344,16,B1,B,WARM,LOW,Warm/Low-Food
181,107.11,344,16,B1,B,WARM,LOW,Warm/Low-Food
182,99.21,344,16,B1,B,WARM,LOW,Warm/Low-Food
183,99.52,344,16,B1,B,WARM,LOW,Warm/Low-Food
184,97.33,344,16,B1,B,WARM,LOW,Warm/Low-Food
185,110.35,344,16,B1,B,WARM,LOW,Warm/Low-Food
186,113.8,344,16,B1,B,WARM,LOW,Warm/Low-Food
187,110.94,344,16,B1,B,WARM,LOW,Warm/Low-Food
188,102.7,344,16,B1,B,WARM,LOW,Warm/Low-Food
189,102.66,344,16,B1,B,WARM,LOW,Warm/Low-Food
190,110.43,344,16,B1,B,WARM,LOW,Warm/Low-Food
191,104.23,344,16,B1,B,WARM,LOW,Warm/Low-Food
192,104.1,344,16,B1,B,WARM,LOW,Warm/Low-Food
193,98.95,344,16,B1,B,WARM,LOW,Warm/Low-Food
194,95.35,344,16,B1,B,WARM,LOW,Warm/Low-Food
195,92.34,344,16,B1,B,WARM,LOW,Warm/Low-Food
196,99.38,344,16,B1,B,WARM,LOW,Warm/Low-Food
197,100.49,342,16,B1,B,WARM,LOW,Warm/Low-Food
198,104.71,342,16,B1,B,WARM,LOW,Warm/Low-Food
199,114.04,342,16,B1,B,WARM,LOW,Warm/Low-Food
200,141.18,342,16,B1,B,WARM,LOW,Warm/Low-Food
201,109.18,342,16,B1,B,WARM,LOW,Warm/Low-Food
202,113.99,342,16,B1,B,WARM,LOW,Warm/Low-Food
203,95.35,342,16,B1,B,WARM,LOW,Warm/Low-Food
204,85.22,342,16,B1,B,WARM,LOW,Warm/Low-Food
205,81.26,342,16,B1,B,WARM,LOW,Warm/Low-Food
206,77.46,342,16,B1,B,WARM,LOW,Warm/Low-Food
207,85.91,342,16,B1,B,WARM,LOW,Warm/Low-Food
208,91.76,342,16,B1,B,WARM,LOW,Warm/Low-Food
209,111.52,342,16,B1,B,WARM,LOW,Warm/Low-Food
210,116.2,342,16,B1,B,WARM,LOW,Warm/Low-Food
211,77.11,342,16,B1,B,WARM,LOW,Warm/Low-Food
212,116.42,342,16,B1,B,WARM,LOW,Warm/Low-Food
213,103.78,342,16,B1,B,WARM,LOW,Warm/Low-Food
214,86.53,342,16,B1,B,WARM,LOW,Warm/Low-Food
215,95.73,342,16,B1,B,WARM,LOW,Warm/Low-Food
216,106.36,342,16,B1,B,WARM,LOW,Warm/Low-Food
217,82.38,342,16,B1,B,WARM,LOW,Warm/Low-Food
218,106.34,342,16,B1,B,WARM,LOW,Warm/Low-Food
219,91.33,342,16,B1,B,WARM,LOW,Warm/Low-Food
220,93.34,342,16,B1,B,WARM,LOW,Warm/Low-Food
221,85.19,341,16,B1,B,WARM,LOW,Warm/Low-Food
222,97.55,341,16,B1,B,WARM,LOW,Warm/Low-Food
223,95.14,341,16,B1,B,WARM,LOW,Warm/Low-Food
224,97.71,341,16,B1,B,WARM,LOW,Warm/Low-Food
225,83.46,341,16,B1,B,WARM,LOW,Warm/Low-Food
226,92.31,341,16,B1,B,WARM,LOW,Warm/Low-Food
227,87.75,341,16,B1,B,WARM,LOW,Warm/Low-Food
228,96.67,341,16,B1,B,WARM,LOW,Warm/Low-Food
229,102.59,341,16,B1,B,WARM,LOW,Warm/Low-Food
230,88.96,341,16,B1,B,WARM,LOW,Warm/Low-Food
231,86.36,341,16,B1,B,WARM,LOW,Warm/Low-Food
232,88.91,341,16,B1,B,WARM,LOW,Warm/Low-Food
233,99.31,341,16,B1,B,WARM,LOW,Warm/Low-Food
234,103.1,341,16,B1,B,WARM,LOW,Warm/Low-Food
235,85.18,341,16,B1,B,WARM,LOW,Warm/Low-Food
236,83.85,341,16,B1,B,WARM,LOW,Warm/Low-Food
237,101.63,341,16,B1,B,WARM,LOW,Warm/Low-Food
238,84.19,341,16,B1,B,WARM,LOW,Warm/Low-Food
239,82.38,341,16,B1,B,WARM,LOW,Warm/Low-Food
240,76.6,341,16,B1,B,WARM,LOW,Warm/Low-Food
241,87.02,341,16,B1,B,WARM,LOW,Warm/Low-Food
242,98.94,341,16,B1,B,WARM,LOW,Warm/Low-Food
243,83.56,341,16,B1,B,WARM,LOW,Warm/Low-Food
244,90.69,341,16,B1,B,WARM,LOW,Warm/Low-Food
245,85.83,339,16,B1,B,WARM,LOW,Warm/Low-Food
246,81.98,339,16,B1,B,WARM,LOW,Warm/Low-Food
247,86.25,339,16,B1,B,WARM,LOW,Warm/Low-Food
248,96.69,339,16,B1,B,WARM,LOW,Warm/Low-Food
249,80.39,339,16,B1,B,WARM,LOW,Warm/Low-Food
250,90.17,339,16,B1,B,WARM,LOW,Warm/Low-Food
251,73.15,339,16,B1,B,WARM,LOW,Warm/Low-Food
252,79.31,339,16,B1,B,WARM,LOW,Warm/Low-Food
253,78.08,339,16,B1,B,WARM,LOW,Warm/Low-Food
254,77.85,339,16,B1,B,WARM,LOW,Warm/Low-Food
255,80.42,339,16,B1,B,WARM,LOW,Warm/Low-Food
256,76.24,339,16,B1,B,WARM,LOW,Warm/Low-Food
257,89,339,16,B1,B,WARM,LOW,Warm/Low-Food
258,78.63,339,16,B1,B,WARM,LOW,Warm/Low-Food
259,69.56,339,16,B1,B,WARM,LOW,Warm/Low-Food
260,90.3,339,16,B1,B,WARM,LOW,Warm/Low-Food
261,88.22,339,16,B1,B,WARM,LOW,Warm/Low-Food
262,83.33,339,16,B1,B,WARM,LOW,Warm/Low-Food
263,83.94,339,16,B1,B,WARM,LOW,Warm/Low-Food
264,77.41,339,16,B1,B,WARM,LOW,Warm/Low-Food
265,76.07,339,16,B1,B,WARM,LOW,Warm/Low-Food
266,79.28,339,16,B1,B,WARM,LOW,Warm/Low-Food
267,80.05,339,16,B1,B,WARM,LOW,Warm/Low-Food
268,73.57,339,16,B1,B,WARM,LOW,Warm/Low-Food
269,101.06,334,15,C2,C,COLD,HIGH,Cold/High-Food
270,105.72,334,15,C2,C,COLD,HIGH,Cold/High-Food
271,101.23,334,15,C2,C,COLD,HIGH,Cold/High-Food
272,76.95,334,15,C2,C,COLD,HIGH,Cold/High-Food
273,92.25,334,15,C2,C,COLD,HIGH,Cold/High-Food
274,102.1,334,15,C2,C,COLD,HIGH,Cold/High-Food
275,91.88,334,15,C2,C,COLD,HIGH,Cold/High-Food
276,77.31,334,15,C2,C,COLD,HIGH,Cold/High-Food
277,122.9,334,15,C2,C,COLD,HIGH,Cold/High-Food
278,133.44,334,15,C2,C,COLD,HIGH,Cold/High-Food
279,80.95,334,15,C2,C,COLD,HIGH,Cold/High-Food
280,104.21,334,15,C2,C,COLD,HIGH,Cold/High-Food
281,100.45,334,15,C2,C,COLD,HIGH,Cold/High-Food
282,87.49,334,15,C2,C,COLD,HIGH,Cold/High-Food
283,96.17,334,15,C2,C,COLD,HIGH,Cold/High-Food
284,126.24,334,15,C2,C,COLD,HIGH,Cold/High-Food
285,81.52,334,15,C2,C,COLD,HIGH,Cold/High-Food
286,87.02,334,15,C2,C,COLD,HIGH,Cold/High-Food
287,85.22,334,15,C2,C,COLD,HIGH,Cold/High-Food
288,84.95,334,15,C2,C,COLD,HIGH,Cold/High-Food
289,100.5,334,15,C2,C,COLD,HIGH,Cold/High-Food
290,87.86,334,15,C2,C,COLD,HIGH,Cold/High-Food
291,88.67,334,15,C2,C,COLD,HIGH,Cold/High-Food
292,74.3,334,15,C2,C,COLD,HIGH,Cold/High-Food
293,83.98,333,15,C2,C,COLD,HIGH,Cold/High-Food
294,69.38,333,15,C2,C,COLD,HIGH,Cold/High-Food
295,70.44,333,15,C2,C,COLD,HIGH,Cold/High-Food
296,76.25,333,15,C2,C,COLD,HIGH,Cold/High-Food
297,64.47,333,15,C2,C,COLD,HIGH,Cold/High-Food
298,77.74,333,15,C2,C,COLD,HIGH,Cold/High-Food
299,65.54,333,15,C2,C,COLD,HIGH,Cold/High-Food
300,75.81,333,15,C2,C,COLD,HIGH,Cold/High-Food
301,68.61,333,15,C2,C,COLD,HIGH,Cold/High-Food
302,74.74,333,15,C2,C,COLD,HIGH,Cold/High-Food
303,75.93,333,15,C2,C,COLD,HIGH,Cold/High-Food
304,65.15,333,15,C2,C,COLD,HIGH,Cold/High-Food
305,65.33,333,15,C2,C,COLD,HIGH,Cold/High-Food
306,73.58,333,15,C2,C,COLD,HIGH,Cold/High-Food
307,76.19,333,15,C2,C,COLD,HIGH,Cold/High-Food
308,64.35,333,15,C2,C,COLD,HIGH,Cold/High-Food
309,73.8,333,15,C2,C,COLD,HIGH,Cold/High-Food
310,67.88,333,15,C2,C,COLD,HIGH,Cold/High-Food
311,62.87,333,15,C2,C,COLD,HIGH,Cold/High-Food
312,71.59,333,15,C2,C,COLD,HIGH,Cold/High-Food
313,69.19,333,15,C2,C,COLD,HIGH,Cold/High-Food
314,79.94,333,15,C2,C,COLD,HIGH,Cold/High-Food
315,69.96,333,15,C2,C,COLD,HIGH,Cold/High-Food
316,80.38,328,15,C1,C,COLD,HIGH,Cold/High-Food
317,87.33,328,15,C1,C,COLD,HIGH,Cold/High-Food
318,74.5,328,15,C1,C,COLD,HIGH,Cold/High-Food
319,89.58,328,15,C1,C,COLD,HIGH,Cold/High-Food
320,69.27,328,15,C1,C,COLD,HIGH,Cold/High-Food
321,102.85,328,15,C1,C,COLD,HIGH,Cold/High-Food
322,73.15,328,15,C1,C,COLD,HIGH,Cold/High-Food
323,90.49,328,15,C1,C,COLD,HIGH,Cold/High-Food
324,82.57,328,15,C1,C,COLD,HIGH,Cold/High-Food
325,81.1,328,15,C1,C,COLD,HIGH,Cold/High-Food
326,85.78,328,15,C1,C,COLD,HIGH,Cold/High-Food
327,93.53,328,15,C1,C,COLD,HIGH,Cold/High-Food
328,81.05,328,15,C1,C,COLD,HIGH,Cold/High-Food
329,81.86,328,15,C1,C,COLD,HIGH,Cold/High-Food
330,90.41,328,15,C1,C,COLD,HIGH,Cold/High-Food
331,91.46,328,15,C1,C,COLD,HIGH,Cold/High-Food
332,79,328,15,C1,C,COLD,HIGH,Cold/High-Food
333,83.15,328,15,C1,C,COLD,HIGH,Cold/High-Food
334,91.66,328,15,C1,C,COLD,HIGH,Cold/High-Food
335,79.91,328,15,C1,C,COLD,HIGH,Cold/High-Food
336,89.95,328,15,C1,C,COLD,HIGH,Cold/High-Food
337,78.99,328,15,C1,C,COLD,HIGH,Cold/High-Food
338,97.01,328,15,C1,C,COLD,HIGH,Cold/High-Food
339,87.24,328,15,C1,C,COLD,HIGH,Cold/High-Food
363,87.76,317,15,B2,B,WARM,LOW,Warm/Low-Food
364,108,317,15,B2,B,WARM,LOW,Warm/Low-Food
365,102.39,317,15,B2,B,WARM,LOW,Warm/Low-Food
366,87.15,317,15,B2,B,WARM,LOW,Warm/Low-Food
367,86.38,317,15,B2,B,WARM,LOW,Warm/Low-Food
368,84.4,317,15,B2,B,WARM,LOW,Warm/Low-Food
369,88.2,317,15,B2,B,WARM,LOW,Warm/Low-Food
370,84.43,317,15,B2,B,WARM,LOW,Warm/Low-Food
371,104.29,317,15,B2,B,WARM,LOW,Warm/Low-Food
372,87.17,317,15,B2,B,WARM,LOW,Warm/Low-Food
373,105.11,317,15,B2,B,WARM,LOW,Warm/Low-Food
374,120.19,317,15,B2,B,WARM,LOW,Warm/Low-Food
375,89.66,317,15,B2,B,WARM,LOW,Warm/Low-Food
376,101.48,317,15,B2,B,WARM,LOW,Warm/Low-Food
377,92.29,317,15,B2,B,WARM,LOW,Warm/Low-Food
378,85.22,317,15,B2,B,WARM,LOW,Warm/Low-Food
379,118.36,317,15,B2,B,WARM,LOW,Warm/Low-Food
380,106.05,317,15,B2,B,WARM,LOW,Warm/Low-Food
381,121.95,317,15,B2,B,WARM,LOW,Warm/Low-Food
382,102.55,317,15,B2,B,WARM,LOW,Warm/Low-Food
383,113.38,317,15,B2,B,WARM,LOW,Warm/Low-Food
384,79.51,317,15,B2,B,WARM,LOW,Warm/Low-Food
385,97.67,317,15,B2,B,WARM,LOW,Warm/Low-Food
386,98.36,317,15,B2,B,WARM,LOW,Warm/Low-Food
340,81.35,315,15,B2,B,WARM,LOW,Warm/Low-Food
341,75.33,315,15,B2,B,WARM,LOW,Warm/Low-Food
342,66.84,315,15,B2,B,WARM,LOW,Warm/Low-Food
343,77.44,315,15,B2,B,WARM,LOW,Warm/Low-Food
344,75.55,315,15,B2,B,WARM,LOW,Warm/Low-Food
345,70.9,315,15,B2,B,WARM,LOW,Warm/Low-Food
346,70.44,315,15,B2,B,WARM,LOW,Warm/Low-Food
347,69.84,315,15,B2,B,WARM,LOW,Warm/Low-Food
348,82.37,315,15,B2,B,WARM,LOW,Warm/Low-Food
349,72.34,315,15,B2,B,WARM,LOW,Warm/Low-Food
350,75.85,315,15,B2,B,WARM,LOW,Warm/Low-Food
351,84.56,315,15,B2,B,WARM,LOW,Warm/Low-Food
352,77.83,315,15,B2,B,WARM,LOW,Warm/Low-Food
353,67.16,315,15,B2,B,WARM,LOW,Warm/Low-Food
354,72.35,315,15,B2,B,WARM,LOW,Warm/Low-Food
355,73.33,315,15,B2,B,WARM,LOW,Warm/Low-Food
356,71.78,315,15,B2,B,WARM,LOW,Warm/Low-Food
357,74.41,315,15,B2,B,WARM,LOW,Warm/Low-Food
358,73.38,315,15,B2,B,WARM,LOW,Warm/Low-Food
359,83.34,315,15,B2,B,WARM,LOW,Warm/Low-Food
360,71.02,315,15,B2,B,WARM,LOW,Warm/Low-Food
361,85.64,315,15,B2,B,WARM,LOW,Warm/Low-Food
362,78.5,315,15,B2,B,WARM,LOW,Warm/Low-Food
387,69.55,314,15,D2,D,WARM,HIGH,Warm/High-Food
388,70.03,314,15,D2,D,WARM,HIGH,Warm/High-Food
389,68.74,314,15,D2,D,WARM,HIGH,Warm/High-Food
390,75.97,314,15,D2,D,WARM,HIGH,Warm/High-Food
391,77.59,314,15,D2,D,WARM,HIGH,Warm/High-Food
392,71.1,314,15,D2,D,WARM,HIGH,Warm/High-Food
393,80.24,314,15,D2,D,WARM,HIGH,Warm/High-Food
394,82.47,314,15,D2,D,WARM,HIGH,Warm/High-Food
395,81.15,314,15,D2,D,WARM,HIGH,Warm/High-Food
396,101.25,314,15,D2,D,WARM,HIGH,Warm/High-Food
397,96.94,314,15,D2,D,WARM,HIGH,Warm/High-Food
398,62.03,314,15,D2,D,WARM,HIGH,Warm/High-Food
399,62.28,314,15,D2,D,WARM,HIGH,Warm/High-Food
400,83.28,314,15,D2,D,WARM,HIGH,Warm/High-Food
401,70.89,314,15,D2,D,WARM,HIGH,Warm/High-Food
402,86.54,314,15,D2,D,WARM,HIGH,Warm/High-Food
403,86.47,314,15,D2,D,WARM,HIGH,Warm/High-Food
404,100.33,314,15,D2,D,WARM,HIGH,Warm/High-Food
405,73.06,314,15,D2,D,WARM,HIGH,Warm/High-Food
406,80.45,314,15,D2,D,WARM,HIGH,Warm/High-Food
407,76.92,314,15,D2,D,WARM,HIGH,Warm/High-Food
408,73.07,314,15,D2,D,WARM,HIGH,Warm/High-Food
409,89.6,314,15,D2,D,WARM,HIGH,Warm/High-Food
410,94.04,314,15,D2,D,WARM,HIGH,Warm/High-Food
411,76.07,312,15,D2,D,WARM,HIGH,Warm/High-Food
412,85.77,312,15,D2,D,WARM,HIGH,Warm/High-Food
413,76.98,312,15,D2,D,WARM,HIGH,Warm/High-Food
414,75.09,312,15,D2,D,WARM,HIGH,Warm/High-Food
415,69.86,312,15,D2,D,WARM,HIGH,Warm/High-Food
416,70.38,312,15,D2,D,WARM,HIGH,Warm/High-Food
417,72.53,312,15,D2,D,WARM,HIGH,Warm/High-Food
418,72.52,312,15,D2,D,WARM,HIGH,Warm/High-Food
419,63.87,312,15,D2,D,WARM,HIGH,Warm/High-Food
420,73.25,312,15,D2,D,WARM,HIGH,Warm/High-Food
421,74.66,312,15,D2,D,WARM,HIGH,Warm/High-Food
422,75.07,312,15,D2,D,WARM,HIGH,Warm/High-Food
423,73.67,312,15,D2,D,WARM,HIGH,Warm/High-Food
424,66.12,312,15,D2,D,WARM,HIGH,Warm/High-Food
425,76.57,312,15,D2,D,WARM,HIGH,Warm/High-Food
426,82.97,312,15,D2,D,WARM,HIGH,Warm/High-Food
427,68.56,312,15,D2,D,WARM,HIGH,Warm/High-Food
428,72.59,312,15,D2,D,WARM,HIGH,Warm/High-Food
429,70.85,312,15,D2,D,WARM,HIGH,Warm/High-Food
430,80.13,312,15,D2,D,WARM,HIGH,Warm/High-Food
431,80.67,312,15,D2,D,WARM,HIGH,Warm/High-Food
432,75.9,312,15,D2,D,WARM,HIGH,Warm/High-Food
433,76.77,312,15,D2,D,WARM,HIGH,Warm/High-Food
434,66.63,312,15,D2,D,WARM,HIGH,Warm/High-Food
435,106.21,308,15,D1,D,WARM,HIGH,Warm/High-Food
436,105.32,308,15,D1,D,WARM,HIGH,Warm/High-Food
437,112.95,308,15,D1,D,WARM,HIGH,Warm/High-Food
438,99.03,308,15,D1,D,WARM,HIGH,Warm/High-Food
439,96.43,308,15,D1,D,WARM,HIGH,Warm/High-Food
440,114.58,308,15,D1,D,WARM,HIGH,Warm/High-Food
441,95.72,308,15,D1,D,WARM,HIGH,Warm/High-Food
442,95.04,308,15,D1,D,WARM,HIGH,Warm/High-Food
443,102.42,308,15,D1,D,WARM,HIGH,Warm/High-Food
444,116.44,308,15,D1,D,WARM,HIGH,Warm/High-Food
445,105.92,308,15,D1,D,WARM,HIGH,Warm/High-Food
446,111.57,308,15,D1,D,WARM,HIGH,Warm/High-Food
447,102.61,308,15,D1,D,WARM,HIGH,Warm/High-Food
448,101.32,308,15,D1,D,WARM,HIGH,Warm/High-Food
449,107,308,15,D1,D,WARM,HIGH,Warm/High-Food
450,115.46,308,15,D1,D,WARM,HIGH,Warm/High-Food
451,111.08,308,15,D1,D,WARM,HIGH,Warm/High-Food
452,102.2,308,15,D1,D,WARM,HIGH,Warm/High-Food
453,103.92,308,15,D1,D,WARM,HIGH,Warm/High-Food
454,104.42,308,15,D1,D,WARM,HIGH,Warm/High-Food
455,99.55,308,15,D1,D,WARM,HIGH,Warm/High-Food
456,107.31,308,15,D1,D,WARM,HIGH,Warm/High-Food
457,97.24,308,15,D1,D,WARM,HIGH,Warm/High-Food
458,94.44,308,15,D1,D,WARM,HIGH,Warm/High-Food
459,69.68,294,15,A2,A,COLD,LOW,Cold/Low-Food
460,69.13,294,15,A2,A,COLD,LOW,Cold/Low-Food
461,58.58,294,15,A2,A,COLD,LOW,Cold/Low-Food
462,75.58,294,15,A2,A,COLD,LOW,Cold/Low-Food
463,63.35,294,15,A2,A,COLD,LOW,Cold/Low-Food
464,74.86,294,15,A2,A,COLD,LOW,Cold/Low-Food
465,56.43,294,15,A2,A,COLD,LOW,Cold/Low-Food
466,80.4,294,15,A2,A,COLD,LOW,Cold/Low-Food
467,69.75,294,15,A2,A,COLD,LOW,Cold/Low-Food
468,59.18,294,15,A2,A,COLD,LOW,Cold/Low-Food
469,54.84,294,15,A2,A,COLD,LOW,Cold/Low-Food
470,66.82,294,15,A2,A,COLD,LOW,Cold/Low-Food
471,70.12,294,15,A2,A,COLD,LOW,Cold/Low-Food
472,56.84,294,15,A2,A,COLD,LOW,Cold/Low-Food
473,57.7,294,15,A2,A,COLD,LOW,Cold/Low-Food
474,66.86,294,15,A2,A,COLD,LOW,Cold/Low-Food
475,82.74,294,15,A2,A,COLD,LOW,Cold/Low-Food
476,62.13,294,15,A2,A,COLD,LOW,Cold/Low-Food
477,59.52,294,15,A2,A,COLD,LOW,Cold/Low-Food
478,73.67,294,15,A2,A,COLD,LOW,Cold/Low-Food
479,76.62,294,15,A2,A,COLD,LOW,Cold/Low-Food
480,69.61,294,15,A2,A,COLD,LOW,Cold/Low-Food
481,76.3,294,15,A2,A,COLD,LOW,Cold/Low-Food
482,58.61,294,15,A2,A,COLD,LOW,Cold/Low-Food
483,63.37,294,15,A2,A,COLD,LOW,Cold/Low-Food
484,88.92,288,13,Wild,Wild,Wild,Wild,Wild
485,87.96,288,13,Wild,Wild,Wild,Wild,Wild
486,93.57,288,13,Wild,Wild,Wild,Wild,Wild
487,84.99,288,13,Wild,Wild,Wild,Wild,Wild
488,72.52,288,13,Wild,Wild,Wild,Wild,Wild
489,72.86,288,13,Wild,Wild,Wild,Wild,Wild
490,85.26,288,13,Wild,Wild,Wild,Wild,Wild
491,88.14,288,13,Wild,Wild,Wild,Wild,Wild
492,108.94,288,13,Wild,Wild,Wild,Wild,Wild
493,79.7,288,13,Wild,Wild,Wild,Wild,Wild
494,88.64,288,13,Wild,Wild,Wild,Wild,Wild
495,95.08,288,13,Wild,Wild,Wild,Wild,Wild
496,82.1,288,13,Wild,Wild,Wild,Wild,Wild
497,81.07,288,13,Wild,Wild,Wild,Wild,Wild
498,67.83,288,13,Wild,Wild,Wild,Wild,Wild
499,85.02,288,13,Wild,Wild,Wild,Wild,Wild
500,93.47,288,13,Wild,Wild,Wild,Wild,Wild
501,91.63,288,13,Wild,Wild,Wild,Wild,Wild
502,72.4,288,13,Wild,Wild,Wild,Wild,Wild
503,76.8,288,13,Wild,Wild,Wild,Wild,Wild
504,69.14,288,13,Wild,Wild,Wild,Wild,Wild
505,79.91,288,13,Wild,Wild,Wild,Wild,Wild
506,74.38,288,13,Wild,Wild,Wild,Wild,Wild
507,67.95,288,13,Wild,Wild,Wild,Wild,Wild
508,78.3,288,13,Wild,Wild,Wild,Wild,Wild
509,77.71,278,13,C2,C,COLD,HIGH,Cold/High-Food
510,94.22,278,13,C2,C,COLD,HIGH,Cold/High-Food
511,84.19,278,13,C2,C,COLD,HIGH,Cold/High-Food
512,96.93,278,13,C2,C,COLD,HIGH,Cold/High-Food
513,93.71,278,13,C2,C,COLD,HIGH,Cold/High-Food
514,76.65,278,13,C2,C,COLD,HIGH,Cold/High-Food
515,70.42,278,13,C2,C,COLD,HIGH,Cold/High-Food
516,89.91,278,13,C2,C,COLD,HIGH,Cold/High-Food
517,101.28,278,13,C2,C,COLD,HIGH,Cold/High-Food
518,85.47,278,13,C2,C,COLD,HIGH,Cold/High-Food
519,80.53,278,13,C2,C,COLD,HIGH,Cold/High-Food
520,93.6,278,13,C2,C,COLD,HIGH,Cold/High-Food
521,90.49,278,13,C2,C,COLD,HIGH,Cold/High-Food
522,107.69,278,13,C2,C,COLD,HIGH,Cold/High-Food
523,98.16,278,13,C2,C,COLD,HIGH,Cold/High-Food
524,90.72,278,13,C2,C,COLD,HIGH,Cold/High-Food
525,84.9,278,13,C2,C,COLD,HIGH,Cold/High-Food
526,77.29,278,13,C2,C,COLD,HIGH,Cold/High-Food
527,83.77,278,13,C2,C,COLD,HIGH,Cold/High-Food
528,83.3,278,13,C2,C,COLD,HIGH,Cold/High-Food
529,70.27,278,13,C2,C,COLD,HIGH,Cold/High-Food
530,76.57,278,13,C2,C,COLD,HIGH,Cold/High-Food
531,93.07,278,13,C2,C,COLD,HIGH,Cold/High-Food
532,92.26,278,13,C2,C,COLD,HIGH,Cold/High-Food
533,84.53,264,13,A2,A,COLD,LOW,Cold/Low-Food
534,68.96,264,13,A2,A,COLD,LOW,Cold/Low-Food
535,67.94,264,13,A2,A,COLD,LOW,Cold/Low-Food
536,62.89,264,13,A2,A,COLD,LOW,Cold/Low-Food
537,65.86,264,13,A2,A,COLD,LOW,Cold/Low-Food
538,67.75,264,13,A2,A,COLD,LOW,Cold/Low-Food
539,62.89,264,13,A2,A,COLD,LOW,Cold/Low-Food
540,68.8,264,13,A2,A,COLD,LOW,Cold/Low-Food
541,85.98,264,13,A2,A,COLD,LOW,Cold/Low-Food
542,68.21,264,13,A2,A,COLD,LOW,Cold/Low-Food
543,61.79,264,13,A2,A,COLD,LOW,Cold/Low-Food
544,83.26,264,13,A2,A,COLD,LOW,Cold/Low-Food
545,75.81,264,13,A2,A,COLD,LOW,Cold/Low-Food
546,60.71,264,13,A2,A,COLD,LOW,Cold/Low-Food
547,86.13,264,13,A2,A,COLD,LOW,Cold/Low-Food
548,66.04,264,13,A2,A,COLD,LOW,Cold/Low-Food
549,61,264,13,A2,A,COLD,LOW,Cold/Low-Food
550,64.71,264,13,A2,A,COLD,LOW,Cold/Low-Food
551,65.92,264,13,A2,A,COLD,LOW,Cold/Low-Food
552,64.05,264,13,A2,A,COLD,LOW,Cold/Low-Food
553,69.4,264,13,A2,A,COLD,LOW,Cold/Low-Food
554,61.98,264,13,A2,A,COLD,LOW,Cold/Low-Food
555,76.21,264,13,A2,A,COLD,LOW,Cold/Low-Food
556,67.2,264,13,A2,A,COLD,LOW,Cold/Low-Food
557,75.96,263,13,A2,A,COLD,LOW,Cold/Low-Food
558,78.93,263,13,A2,A,COLD,LOW,Cold/Low-Food
559,74.26,263,13,A2,A,COLD,LOW,Cold/Low-Food
560,79.68,263,13,A2,A,COLD,LOW,Cold/Low-Food
561,71.83,263,13,A2,A,COLD,LOW,Cold/Low-Food
562,78.48,263,13,A2,A,COLD,LOW,Cold/Low-Food
563,113.02,263,13,A2,A,COLD,LOW,Cold/Low-Food
564,81.48,263,13,A2,A,COLD,LOW,Cold/Low-Food
565,68.73,263,13,A2,A,COLD,LOW,Cold/Low-Food
566,78.96,263,13,A2,A,COLD,LOW,Cold/Low-Food
567,75.81,263,13,A2,A,COLD,LOW,Cold/Low-Food
568,92.44,263,13,A2,A,COLD,LOW,Cold/Low-Food
569,92.04,263,13,A2,A,COLD,LOW,Cold/Low-Food
570,89.93,263,13,A2,A,COLD,LOW,Cold/Low-Food
571,93.33,263,13,A2,A,COLD,LOW,Cold/Low-Food
572,69.96,263,13,A2,A,COLD,LOW,Cold/Low-Food
573,91.62,263,13,A2,A,COLD,LOW,Cold/Low-Food
574,78.04,263,13,A2,A,COLD,LOW,Cold/Low-Food
575,77.39,263,13,A2,A,COLD,LOW,Cold/Low-Food
576,95.3,263,13,A2,A,COLD,LOW,Cold/Low-Food
577,71.39,263,13,A2,A,COLD,LOW,Cold/Low-Food
578,74.3,263,13,A2,A,COLD,LOW,Cold/Low-Food
579,104.61,263,13,A2,A,COLD,LOW,Cold/Low-Food
580,93.75,263,13,A2,A,COLD,LOW,Cold/Low-Food
581,93.99,263,13,A2,A,COLD,LOW,Cold/Low-Food
582,93.26,263,13,A2,A,COLD,LOW,Cold/Low-Food
583,98.79,260,13,D2,D,WARM,HIGH,Warm/High-Food
584,106.72,260,13,D2,D,WARM,HIGH,Warm/High-Food
585,146.09,260,13,D2,D,WARM,HIGH,Warm/High-Food
586,108.41,260,13,D2,D,WARM,HIGH,Warm/High-Food
587,119.08,260,13,D2,D,WARM,HIGH,Warm/High-Food
588,104.9,260,13,D2,D,WARM,HIGH,Warm/High-Food
589,130.52,260,13,D2,D,WARM,HIGH,Warm/High-Food
590,93.2,260,13,D2,D,WARM,HIGH,Warm/High-Food
591,126.31,260,13,D2,D,WARM,HIGH,Warm/High-Food
592,121.04,260,13,D2,D,WARM,HIGH,Warm/High-Food
593,95.29,260,13,D2,D,WARM,HIGH,Warm/High-Food
594,109.87,260,13,D2,D,WARM,HIGH,Warm/High-Food
595,105.56,260,13,D2,D,WARM,HIGH,Warm/High-Food
596,96.15,260,13,D2,D,WARM,HIGH,Warm/High-Food
597,101,260,13,D2,D,WARM,HIGH,Warm/High-Food
598,94.31,260,13,D2,D,WARM,HIGH,Warm/High-Food
599,104.51,260,13,D2,D,WARM,HIGH,Warm/High-Food
600,89.48,260,13,D2,D,WARM,HIGH,Warm/High-Food
601,83.74,260,13,D2,D,WARM,HIGH,Warm/High-Food
602,100.62,260,13,D2,D,WARM,HIGH,Warm/High-Food
603,93.58,260,13,D2,D,WARM,HIGH,Warm/High-Food
604,92.47,260,13,D2,D,WARM,HIGH,Warm/High-Food
605,100.17,260,13,D2,D,WARM,HIGH,Warm/High-Food
606,111.56,260,13,D2,D,WARM,HIGH,Warm/High-Food
607,110.5,260,13,D2,D,WARM,HIGH,Warm/High-Food
608,93.92,260,13,D2,D,WARM,HIGH,Warm/High-Food
609,85.48,260,13,D2,D,WARM,HIGH,Warm/High-Food
610,107.86,253,13,D1,D,WARM,HIGH,Warm/High-Food
611,116.13,253,13,D1,D,WARM,HIGH,Warm/High-Food
612,125.84,253,13,D1,D,WARM,HIGH,Warm/High-Food
613,97.5,253,13,D1,D,WARM,HIGH,Warm/High-Food
614,111.42,253,13,D1,D,WARM,HIGH,Warm/High-Food
615,111.19,253,13,D1,D,WARM,HIGH,Warm/High-Food
616,92.38,253,13,D1,D,WARM,HIGH,Warm/High-Food
617,99.63,253,13,D1,D,WARM,HIGH,Warm/High-Food
618,100.24,253,13,D1,D,WARM,HIGH,Warm/High-Food
619,110.95,253,13,D1,D,WARM,HIGH,Warm/High-Food
620,104.07,253,13,D1,D,WARM,HIGH,Warm/High-Food
621,96.36,253,13,D1,D,WARM,HIGH,Warm/High-Food
622,110.55,253,13,D1,D,WARM,HIGH,Warm/High-Food
623,123.78,253,13,D1,D,WARM,HIGH,Warm/High-Food
624,99.01,253,13,D1,D,WARM,HIGH,Warm/High-Food
625,81.1,253,13,D1,D,WARM,HIGH,Warm/High-Food
626,88.19,253,13,D1,D,WARM,HIGH,Warm/High-Food
627,98.71,253,13,D1,D,WARM,HIGH,Warm/High-Food
628,109.22,253,13,D1,D,WARM,HIGH,Warm/High-Food
629,112.58,253,13,D1,D,WARM,HIGH,Warm/High-Food
630,105.16,253,13,D1,D,WARM,HIGH,Warm/High-Food
631,102.39,253,13,D1,D,WARM,HIGH,Warm/High-Food
632,112.29,253,13,D1,D,WARM,HIGH,Warm/High-Food
633,99.23,253,13,D1,D,WARM,HIGH,Warm/High-Food
634,122.86,253,13,D1,D,WARM,HIGH,Warm/High-Food
635,112.68,252,13,D1,D,WARM,HIGH,Warm/High-Food
636,115.62,252,13,D1,D,WARM,HIGH,Warm/High-Food
637,104.3,252,13,D1,D,WARM,HIGH,Warm/High-Food
638,103.82,252,13,D1,D,WARM,HIGH,Warm/High-Food
639,100.59,252,13,D1,D,WARM,HIGH,Warm/High-Food
640,96.92,252,13,D1,D,WARM,HIGH,Warm/High-Food
641,99.98,252,13,D1,D,WARM,HIGH,Warm/High-Food
642,106.97,252,13,D1,D,WARM,HIGH,Warm/High-Food
643,107.05,252,13,D1,D,WARM,HIGH,Warm/High-Food
644,94.15,252,13,D1,D,WARM,HIGH,Warm/High-Food
645,114.27,252,13,D1,D,WARM,HIGH,Warm/High-Food
646,111.82,252,13,D1,D,WARM,HIGH,Warm/High-Food
647,88.54,252,13,D1,D,WARM,HIGH,Warm/High-Food
648,85.11,252,13,D1,D,WARM,HIGH,Warm/High-Food
649,100.33,252,13,D1,D,WARM,HIGH,Warm/High-Food
650,99.33,252,13,D1,D,WARM,HIGH,Warm/High-Food
651,85.1,252,13,D1,D,WARM,HIGH,Warm/High-Food
652,87.8,252,13,D1,D,WARM,HIGH,Warm/High-Food
653,99.04,252,13,D1,D,WARM,HIGH,Warm/High-Food
654,89.26,252,13,D1,D,WARM,HIGH,Warm/High-Food
655,93.4,252,13,D1,D,WARM,HIGH,Warm/High-Food
656,113.34,252,13,D1,D,WARM,HIGH,Warm/High-Food
657,82.25,252,13,D1,D,WARM,HIGH,Warm/High-Food
658,90.8,252,13,D1,D,WARM,HIGH,Warm/High-Food
659,89.38,252,13,D1,D,WARM,HIGH,Warm/High-Food
660,92.4,250,13,B2,B,WARM,LOW,Warm/Low-Food
661,97.84,250,13,B2,B,WARM,LOW,Warm/Low-Food
662,94.16,250,13,B2,B,WARM,LOW,Warm/Low-Food
663,99.75,250,13,B2,B,WARM,LOW,Warm/Low-Food
664,97.92,250,13,B2,B,WARM,LOW,Warm/Low-Food
665,105.54,250,13,B2,B,WARM,LOW,Warm/Low-Food
666,98.52,250,13,B2,B,WARM,LOW,Warm/Low-Food
667,111.69,250,13,B2,B,WARM,LOW,Warm/Low-Food
668,79.22,250,13,B2,B,WARM,LOW,Warm/Low-Food
669,107.06,250,13,B2,B,WARM,LOW,Warm/Low-Food
670,93.08,250,13,B2,B,WARM,LOW,Warm/Low-Food
671,96.32,250,13,B2,B,WARM,LOW,Warm/Low-Food
672,93.08,250,13,B2,B,WARM,LOW,Warm/Low-Food
673,77.72,250,13,B2,B,WARM,LOW,Warm/Low-Food
674,93.86,250,13,B2,B,WARM,LOW,Warm/Low-Food
675,70.91,250,13,B2,B,WARM,LOW,Warm/Low-Food
676,99.52,250,13,B2,B,WARM,LOW,Warm/Low-Food
677,94.42,250,13,B2,B,WARM,LOW,Warm/Low-Food
678,95.72,250,13,B2,B,WARM,LOW,Warm/Low-Food
679,91.56,250,13,B2,B,WARM,LOW,Warm/Low-Food
680,95.44,250,13,B2,B,WARM,LOW,Warm/Low-Food
681,70.85,250,13,B2,B,WARM,LOW,Warm/Low-Food
682,88.44,249,13,B2,B,WARM,LOW,Warm/Low-Food
683,95.87,249,13,B2,B,WARM,LOW,Warm/Low-Food
684,95.5,249,13,B2,B,WARM,LOW,Warm/Low-Food
685,82.16,249,13,B2,B,WARM,LOW,Warm/Low-Food
686,95.41,249,13,B2,B,WARM,LOW,Warm/Low-Food
687,96.88,249,13,B2,B,WARM,LOW,Warm/Low-Food
688,82.65,249,13,B2,B,WARM,LOW,Warm/Low-Food
689,95.35,249,13,B2,B,WARM,LOW,Warm/Low-Food
690,83.26,249,13,B2,B,WARM,LOW,Warm/Low-Food
691,92.45,249,13,B2,B,WARM,LOW,Warm/Low-Food
692,87.78,249,13,B2,B,WARM,LOW,Warm/Low-Food
693,107.44,249,13,B2,B,WARM,LOW,Warm/Low-Food
694,88.02,249,13,B2,B,WARM,LOW,Warm/Low-Food
695,81.73,249,13,B2,B,WARM,LOW,Warm/Low-Food
696,102.62,249,13,B2,B,WARM,LOW,Warm/Low-Food
697,92.57,249,13,B2,B,WARM,LOW,Warm/Low-Food
698,89.14,249,13,B2,B,WARM,LOW,Warm/Low-Food
699,88.7,249,13,B2,B,WARM,LOW,Warm/Low-Food
700,96,249,13,B2,B,WARM,LOW,Warm/Low-Food
701,81.21,249,13,B2,B,WARM,LOW,Warm/Low-Food
702,77.6,249,13,B2,B,WARM,LOW,Warm/Low-Food
703,83.74,249,13,B2,B,WARM,LOW,Warm/Low-Food
704,90.24,249,13,B2,B,WARM,LOW,Warm/Low-Food
705,84.85,249,13,B2,B,WARM,LOW,Warm/Low-Food
706,102.2,248,13,B2,B,WARM,LOW,Warm/Low-Food
707,88.22,248,13,B2,B,WARM,LOW,Warm/Low-Food
708,110.99,248,13,B2,B,WARM,LOW,Warm/Low-Food
709,107.26,248,13,B2,B,WARM,LOW,Warm/Low-Food
710,109.01,248,13,B2,B,WARM,LOW,Warm/Low-Food
711,95.69,248,13,B2,B,WARM,LOW,Warm/Low-Food
712,106.63,248,13,B2,B,WARM,LOW,Warm/Low-Food
713,95.24,248,13,B2,B,WARM,LOW,Warm/Low-Food
714,110.89,248,13,B2,B,WARM,LOW,Warm/Low-Food
715,99.8,248,13,B2,B,WARM,LOW,Warm/Low-Food
716,107.54,248,13,B2,B,WARM,LOW,Warm/Low-Food
717,96.43,248,13,B2,B,WARM,LOW,Warm/Low-Food
718,105.76,248,13,B2,B,WARM,LOW,Warm/Low-Food
719,105.32,248,13,B2,B,WARM,LOW,Warm/Low-Food
720,89.77,248,13,B2,B,WARM,LOW,Warm/Low-Food
721,92.66,248,13,B2,B,WARM,LOW,Warm/Low-Food
722,90.85,248,13,B2,B,WARM,LOW,Warm/Low-Food
723,115.45,248,13,B2,B,WARM,LOW,Warm/Low-Food
724,127.48,248,13,B2,B,WARM,LOW,Warm/Low-Food
725,98.08,248,13,B2,B,WARM,LOW,Warm/Low-Food
726,104.88,248,13,B2,B,WARM,LOW,Warm/Low-Food
727,106.43,248,13,B2,B,WARM,LOW,Warm/Low-Food
728,106.94,248,13,B2,B,WARM,LOW,Warm/Low-Food
729,106.7,248,13,B2,B,WARM,LOW,Warm/Low-Food
730,89.65,247,13,B2,B,WARM,LOW,Warm/Low-Food
731,89.54,247,13,B2,B,WARM,LOW,Warm/Low-Food
732,79.04,247,13,B2,B,WARM,LOW,Warm/Low-Food
733,87.76,247,13,B2,B,WARM,LOW,Warm/Low-Food
734,89.81,247,13,B2,B,WARM,LOW,Warm/Low-Food
735,81.34,247,13,B2,B,WARM,LOW,Warm/Low-Food
736,75.18,247,13,B2,B,WARM,LOW,Warm/Low-Food
737,79.71,247,13,B2,B,WARM,LOW,Warm/Low-Food
738,75.6,247,13,B2,B,WARM,LOW,Warm/Low-Food
739,86.54,247,13,B2,B,WARM,LOW,Warm/Low-Food
740,88.96,247,13,B2,B,WARM,LOW,Warm/Low-Food
741,92.43,247,13,B2,B,WARM,LOW,Warm/Low-Food
742,86.47,247,13,B2,B,WARM,LOW,Warm/Low-Food
743,80.93,247,13,B2,B,WARM,LOW,Warm/Low-Food
744,72.74,247,13,B2,B,WARM,LOW,Warm/Low-Food
745,79.37,247,13,B2,B,WARM,LOW,Warm/Low-Food
746,89.45,247,13,B2,B,WARM,LOW,Warm/Low-Food
747,81.68,247,13,B2,B,WARM,LOW,Warm/Low-Food
748,79.22,247,13,B2,B,WARM,LOW,Warm/Low-Food
749,71.04,247,13,B2,B,WARM,LOW,Warm/Low-Food
750,94.58,247,13,B2,B,WARM,LOW,Warm/Low-Food
751,71.49,247,13,B2,B,WARM,LOW,Warm/Low-Food
752,91.16,247,13,B2,B,WARM,LOW,Warm/Low-Food
753,104.36,247,13,B2,B,WARM,LOW,Warm/Low-Food
754,92.64,245,13,B1,B,WARM,LOW,Warm/Low-Food
755,76.16,245,13,B1,B,WARM,LOW,Warm/Low-Food
756,83.12,245,13,B1,B,WARM,LOW,Warm/Low-Food
757,77.09,245,13,B1,B,WARM,LOW,Warm/Low-Food
758,73.31,245,13,B1,B,WARM,LOW,Warm/Low-Food
759,90.47,245,13,B1,B,WARM,LOW,Warm/Low-Food
760,80.17,245,13,B1,B,WARM,LOW,Warm/Low-Food
761,68.21,245,13,B1,B,WARM,LOW,Warm/Low-Food
762,66.41,245,13,B1,B,WARM,LOW,Warm/Low-Food
763,72.52,245,13,B1,B,WARM,LOW,Warm/Low-Food
764,79.22,245,13,B1,B,WARM,LOW,Warm/Low-Food
765,67.32,245,13,B1,B,WARM,LOW,Warm/Low-Food
766,81.84,245,13,B1,B,WARM,LOW,Warm/Low-Food
767,70.06,245,13,B1,B,WARM,LOW,Warm/Low-Food
768,67.78,245,13,B1,B,WARM,LOW,Warm/Low-Food
769,83.51,245,13,B1,B,WARM,LOW,Warm/Low-Food
770,73.33,245,13,B1,B,WARM,LOW,Warm/Low-Food
771,64.86,245,13,B1,B,WARM,LOW,Warm/Low-Food
772,80.95,245,13,B1,B,WARM,LOW,Warm/Low-Food
773,97.71,245,13,B1,B,WARM,LOW,Warm/Low-Food
774,88.56,245,13,B1,B,WARM,LOW,Warm/Low-Food
775,81.45,245,13,B1,B,WARM,LOW,Warm/Low-Food
776,82.25,245,13,B1,B,WARM,LOW,Warm/Low-Food
777,83.11,245,13,B1,B,WARM,LOW,Warm/Low-Food
778,84.99,244,13,B1,B,WARM,LOW,Warm/Low-Food
779,65.19,244,13,B1,B,WARM,LOW,Warm/Low-Food
780,80.66,244,13,B1,B,WARM,LOW,Warm/Low-Food
781,69.77,244,13,B1,B,WARM,LOW,Warm/Low-Food
782,74.86,244,13,B1,B,WARM,LOW,Warm/Low-Food
783,69.95,244,13,B1,B,WARM,LOW,Warm/Low-Food
784,66.69,244,13,B1,B,WARM,LOW,Warm/Low-Food
785,77.81,244,13,B1,B,WARM,LOW,Warm/Low-Food
786,73.97,244,13,B1,B,WARM,LOW,Warm/Low-Food
787,70.09,244,13,B1,B,WARM,LOW,Warm/Low-Food
788,93.88,244,13,B1,B,WARM,LOW,Warm/Low-Food
789,79.46,244,13,B1,B,WARM,LOW,Warm/Low-Food
790,83.79,244,13,B1,B,WARM,LOW,Warm/Low-Food
791,75.51,244,13,B1,B,WARM,LOW,Warm/Low-Food
792,74.55,244,13,B1,B,WARM,LOW,Warm/Low-Food
793,72.41,244,13,B1,B,WARM,LOW,Warm/Low-Food
794,62.97,244,13,B1,B,WARM,LOW,Warm/Low-Food
795,69.53,244,13,B1,B,WARM,LOW,Warm/Low-Food
796,65.15,244,13,B1,B,WARM,LOW,Warm/Low-Food
797,80.37,244,13,B1,B,WARM,LOW,Warm/Low-Food
798,71.86,244,13,B1,B,WARM,LOW,Warm/Low-Food
799,70.89,244,13,B1,B,WARM,LOW,Warm/Low-Food
800,69.19,244,13,B1,B,WARM,LOW,Warm/Low-Food
801,76.3,244,13,B1,B,WARM,LOW,Warm/Low-Food
802,70.89,244,13,B1,B,WARM,LOW,Warm/Low-Food
803,62.29,369,16,C2,C,COLD,HIGH,Cold/High-Food
804,76.25,369,16,C2,C,COLD,HIGH,Cold/High-Food
805,85.29,369,16,C2,C,COLD,HIGH,Cold/High-Food
806,70.03,369,16,C2,C,COLD,HIGH,Cold/High-Food
807,76.93,369,16,C2,C,COLD,HIGH,Cold/High-Food
808,66.62,369,16,C2,C,COLD,HIGH,Cold/High-Food
809,74.66,369,16,C2,C,COLD,HIGH,Cold/High-Food
810,73.57,369,16,C2,C,COLD,HIGH,Cold/High-Food
811,95.22,369,16,C2,C,COLD,HIGH,Cold/High-Food
812,65.42,369,16,C2,C,COLD,HIGH,Cold/High-Food
813,70.4,369,16,C2,C,COLD,HIGH,Cold/High-Food
814,72.7,369,16,C2,C,COLD,HIGH,Cold/High-Food
815,61.65,369,16,C2,C,COLD,HIGH,Cold/High-Food
816,101.37,369,16,C2,C,COLD,HIGH,Cold/High-Food
817,64.47,369,16,C2,C,COLD,HIGH,Cold/High-Food
818,61.94,369,16,C2,C,COLD,HIGH,Cold/High-Food
819,64.94,369,16,C2,C,COLD,HIGH,Cold/High-Food
820,75.7,369,16,C2,C,COLD,HIGH,Cold/High-Food
821,80.83,369,16,C2,C,COLD,HIGH,Cold/High-Food
822,72.6,369,16,C2,C,COLD,HIGH,Cold/High-Food
823,61.22,369,16,C2,C,COLD,HIGH,Cold/High-Food
824,66.19,369,16,C2,C,COLD,HIGH,Cold/High-Food
825,83.95,369,16,C2,C,COLD,HIGH,Cold/High-Food
826,87.57,369,16,C2,C,COLD,HIGH,Cold/High-Food